<?xml version="1.0" encoding="utf-8" standalone="yes"?>
<accounts count="45">
	<account>
		<username>Nucca</username>
		<newCryptPassword>F0-04-80-9B-89-19-A0-A0-00-07-0B-DE-1D-A4-42-13-67-A7-82-AA</newCryptPassword>
		<accessLevel>Owner</accessLevel>
		<created>2023-04-21T11:14:59.2127831Z</created>
		<lastLogin>2023-04-24T22:35:44.1154516Z</lastLogin>
		<totalGameTime>PT20H22M16.1697639S</totalGameTime>
		<chars>
			<char index="0">2350</char>
		</chars>
		<addressList count="2">
			<ip>192.168.2.1</ip>
			<ip>192.168.2.17</ip>
		</addressList>
		<totalCurrency>0</totalCurrency>
		<sovereigns>0</sovereigns>
		<Transferts count="0" />
	</account>
	<account>
		<username>Hebius</username>
		<newCryptPassword>FF-1F-6D-2F-99-D3-54-F1-65-EE-81-40-44-2D-6D-8A-26-DB-2B-22</newCryptPassword>
		<created>2023-04-21T20:30:27.2919849Z</created>
		<lastLogin>2023-04-24T16:02:29.8436583Z</lastLogin>
		<totalGameTime>PT12H45M41.8712297S</totalGameTime>
		<chars>
			<char index="0">2451</char>
		</chars>
		<addressList count="4">
			<ip>89.83.230.201</ip>
			<ip>176.182.48.67</ip>
			<ip>176.172.4.175</ip>
			<ip>176.167.75.237</ip>
		</addressList>
		<totalCurrency>0</totalCurrency>
		<sovereigns>0</sovereigns>
		<Transferts count="0" />
	</account>
	<account>
		<username>Nebelpfade</username>
		<newCryptPassword>A5-B6-45-97-3E-87-05-67-37-13-C4-B9-BE-A8-B4-8E-A7-D8-32-DA</newCryptPassword>
		<accessLevel>Seer</accessLevel>
		<created>2023-04-21T20:35:00.1524664Z</created>
		<lastLogin>2023-04-24T20:57:04.1546016Z</lastLogin>
		<totalGameTime>PT8H35M1.9757702S</totalGameTime>
		<chars>
			<char index="0">2452</char>
		</chars>
		<addressList count="2">
			<ip>184.161.174.38</ip>
			<ip>207.253.47.36</ip>
		</addressList>
		<totalCurrency>0</totalCurrency>
		<sovereigns>0</sovereigns>
		<Transferts count="0" />
	</account>
	<account>
		<username>Vaelena</username>
		<newCryptPassword>C0-FC-C6-82-B1-C6-EE-89-8B-46-89-E4-FF-E1-C4-3A-81-65-58-46</newCryptPassword>
		<created>2023-04-21T20:35:29.7049622Z</created>
		<lastLogin>2023-04-23T02:32:47.7157528Z</lastLogin>
		<totalGameTime>PT10H54M52.4381363S</totalGameTime>
		<chars>
			<char index="0">2454</char>
		</chars>
		<addressList count="1">
			<ip>104.221.125.240</ip>
		</addressList>
		<totalCurrency>0</totalCurrency>
		<sovereigns>0</sovereigns>
		<Transferts count="0" />
	</account>
	<account>
		<username>Lix</username>
		<newCryptPassword>07-0A-D7-D4-A1-8F-8B-33-94-9E-41-B7-9D-9B-91-D7-ED-EF-AE-25</newCryptPassword>
		<created>2023-04-21T20:36:34.316028Z</created>
		<lastLogin>2023-04-23T00:00:36.518706Z</lastLogin>
		<totalGameTime>PT25M3.8364923S</totalGameTime>
		<chars>
			<char index="0">2455</char>
		</chars>
		<addressList count="2">
			<ip>193.43.135.254</ip>
			<ip>45.14.195.14</ip>
		</addressList>
		<totalCurrency>0</totalCurrency>
		<sovereigns>0</sovereigns>
		<Transferts count="0" />
	</account>
	<account>
		<username>Islena</username>
		<newCryptPassword>99-52-BB-9C-5F-A7-30-7E-7E-5D-AC-7D-AF-99-75-93-14-46-CB-2E</newCryptPassword>
		<created>2023-04-21T20:39:39.0397681Z</created>
		<lastLogin>2023-04-24T16:50:49.4794199Z</lastLogin>
		<totalGameTime>PT4H36M52.4798214S</totalGameTime>
		<chars>
			<char index="0">2456</char>
		</chars>
		<addressList count="1">
			<ip>173.176.122.230</ip>
		</addressList>
		<totalCurrency>0</totalCurrency>
		<sovereigns>0</sovereigns>
		<Transferts count="0" />
	</account>
	<account>
		<username>Eowymos</username>
		<newCryptPassword>8A-BD-CD-ED-0C-E7-0D-E6-0F-38-97-F8-5F-3B-C6-00-9F-69-0A-50</newCryptPassword>
		<accessLevel>Owner</accessLevel>
		<created>2023-04-21T20:42:29.4679986Z</created>
		<lastLogin>2023-04-23T13:49:49.6131659Z</lastLogin>
		<totalGameTime>PT6H49M15.2876631S</totalGameTime>
		<chars>
			<char index="0">2458</char>
		</chars>
		<addressList count="1">
			<ip>24.200.37.227</ip>
		</addressList>
		<totalCurrency>0</totalCurrency>
		<sovereigns>0</sovereigns>
		<Transferts count="0" />
	</account>
	<account>
		<username>allo123</username>
		<newCryptPassword>CD-7F-54-75-A7-EA-A4-63-3D-7E-D2-CD-EC-A2-6B-94-59-59-79-7B</newCryptPassword>
		<created>2023-04-21T20:43:58.9041745Z</created>
		<lastLogin>2023-04-21T23:54:09.9337133Z</lastLogin>
		<totalGameTime>PT1H51M38.2830426S</totalGameTime>
		<chars>
			<char index="0">2460</char>
		</chars>
		<addressList count="1">
			<ip>104.163.181.236</ip>
		</addressList>
		<totalCurrency>0</totalCurrency>
		<sovereigns>0</sovereigns>
		<Transferts count="0" />
	</account>
	<account>
		<username>OmgSauceBbq</username>
		<newCryptPassword>26-F8-93-96-3B-59-E7-35-57-99-B0-C8-4A-96-3F-95-C8-54-82-FE</newCryptPassword>
		<created>2023-04-21T20:44:32.4312361Z</created>
		<lastLogin>2023-04-24T21:58:37.2830441Z</lastLogin>
		<totalGameTime>PT3H51M39.1679628S</totalGameTime>
		<chars>
			<char index="0">2461</char>
		</chars>
		<addressList count="1">
			<ip>173.176.229.91</ip>
		</addressList>
		<totalCurrency>0</totalCurrency>
		<sovereigns>0</sovereigns>
		<Transferts count="0" />
	</account>
	<account>
		<username>Mig</username>
		<newCryptPassword>63-DD-19-2C-74-57-6E-00-85-26-E4-0D-6A-12-7A-F5-C7-74-98-F5</newCryptPassword>
		<accessLevel>Owner</accessLevel>
		<created>2023-04-21T20:47:33.0379474Z</created>
		<lastLogin>2023-04-24T02:35:59.2938987Z</lastLogin>
		<totalGameTime>P1DT51M56.2200649S</totalGameTime>
		<chars>
			<char index="0">2462</char>
		</chars>
		<addressList count="1">
			<ip>70.55.144.167</ip>
		</addressList>
		<totalCurrency>0</totalCurrency>
		<sovereigns>0</sovereigns>
		<Transferts count="0" />
	</account>
	<account>
		<username>PsyDoubt</username>
		<newCryptPassword>6B-A1-F7-00-C7-9B-4B-C1-47-12-74-30-25-46-BF-F7-EF-D0-42-0F</newCryptPassword>
		<created>2023-04-21T20:47:35.3412206Z</created>
		<lastLogin>2023-04-24T18:34:20.6794508Z</lastLogin>
		<totalGameTime>PT8H4M30.2625316S</totalGameTime>
		<chars>
			<char index="0">2463</char>
		</chars>
		<addressList count="1">
			<ip>104.221.125.240</ip>
		</addressList>
		<totalCurrency>0</totalCurrency>
		<sovereigns>0</sovereigns>
		<Transferts count="0" />
	</account>
	<account>
		<username>Aemulos</username>
		<newCryptPassword>45-E4-15-DC-36-4D-CC-9D-9A-72-7F-32-E0-9D-09-7C-3C-56-49-D1</newCryptPassword>
		<created>2023-04-21T20:54:44.0445389Z</created>
		<lastLogin>2023-04-23T03:27:05.2719663Z</lastLogin>
		<totalGameTime>PT4H3M8.6891185S</totalGameTime>
		<chars>
			<char index="0">2474</char>
		</chars>
		<addressList count="1">
			<ip>174.164.192.197</ip>
		</addressList>
		<totalCurrency>0</totalCurrency>
		<sovereigns>0</sovereigns>
		<Transferts count="0" />
	</account>
	<account>
		<username>Chatchat</username>
		<newCryptPassword>63-C6-9E-3B-91-29-72-B2-18-C1-D6-E1-3F-12-9A-F1-A8-BE-5D-08</newCryptPassword>
		<created>2023-04-21T20:57:35.0492432Z</created>
		<lastLogin>2023-04-24T20:42:21.1936967Z</lastLogin>
		<totalGameTime>PT18H42M2.6311329S</totalGameTime>
		<chars>
			<char index="0">1914</char>
		</chars>
		<comments>
			<comment addedBy="System" lastModified="2023-04-23T00:09:05.7001465Z">Character #1 0x9AB "Phoxie" deleted by 24.202.187.234</comment>
		</comments>
		<addressList count="1">
			<ip>24.202.187.234</ip>
		</addressList>
		<totalCurrency>0</totalCurrency>
		<sovereigns>0</sovereigns>
		<Transferts count="1">
			<Transfert>
				<Serial>0</Serial>
				<Name>Phoxie</Name>
				<Experience>50000</Experience>
			</Transfert>
		</Transferts>
	</account>
	<account>
		<username>patatepoils</username>
		<newCryptPassword>A6-DE-AA-2D-79-76-64-69-15-6D-66-C8-D0-DA-7D-24-BB-24-E8-AE</newCryptPassword>
		<created>2023-04-21T20:59:56.3353664Z</created>
		<lastLogin>2023-04-22T03:26:23.2938837Z</lastLogin>
		<totalGameTime>PT1H2M28.6409806S</totalGameTime>
		<chars>
			<char index="0">2478</char>
		</chars>
		<addressList count="2">
			<ip>76.68.251.42</ip>
			<ip>76.68.251.84</ip>
		</addressList>
		<totalCurrency>0</totalCurrency>
		<sovereigns>0</sovereigns>
		<Transferts count="0" />
	</account>
	<account>
		<username>Targrak</username>
		<newCryptPassword>C6-44-36-A6-05-55-92-81-27-F4-87-2F-4B-03-B8-A3-D7-D3-69-DD</newCryptPassword>
		<created>2023-04-21T21:12:04.5444201Z</created>
		<lastLogin>2023-04-22T18:29:39.8473808Z</lastLogin>
		<totalGameTime>PT4H56M34.6383033S</totalGameTime>
		<chars>
			<char index="0">2479</char>
		</chars>
		<addressList count="1">
			<ip>24.225.231.13</ip>
		</addressList>
		<totalCurrency>0</totalCurrency>
		<sovereigns>0</sovereigns>
		<Transferts count="0" />
	</account>
	<account>
		<username>bftmpat</username>
		<newCryptPassword>A9-02-33-FD-53-CE-D9-39-C8-7B-31-82-BE-70-85-64-1E-7B-96-F3</newCryptPassword>
		<created>2023-04-21T21:22:17.6316948Z</created>
		<lastLogin>2023-04-23T23:53:39.1574726Z</lastLogin>
		<totalGameTime>PT2H38M24.6354732S</totalGameTime>
		<chars>
			<char index="0">2484</char>
		</chars>
		<addressList count="2">
			<ip>174.92.156.39</ip>
			<ip>70.50.156.179</ip>
		</addressList>
		<totalCurrency>0</totalCurrency>
		<sovereigns>0</sovereigns>
		<Transferts count="0" />
	</account>
	<account>
		<username>Aerandir33</username>
		<newCryptPassword>EB-94-0E-27-B6-F8-39-95-40-98-7D-4B-FA-2F-37-96-19-54-38-81</newCryptPassword>
		<created>2023-04-21T21:27:21.0070446Z</created>
		<lastLogin>2023-04-22T14:27:56.0638897Z</lastLogin>
		<totalGameTime>PT38M36.1221201S</totalGameTime>
		<chars>
			<char index="0">2483</char>
		</chars>
		<addressList count="1">
			<ip>76.65.151.135</ip>
		</addressList>
		<totalCurrency>0</totalCurrency>
		<sovereigns>0</sovereigns>
		<Transferts count="0" />
	</account>
	<account>
		<username>Riiem</username>
		<newCryptPassword>9A-7B-1D-32-29-1F-33-B6-64-75-93-1A-20-21-D7-D1-71-45-DA-53</newCryptPassword>
		<accessLevel>Seer</accessLevel>
		<created>2023-04-21T23:01:51.3855607Z</created>
		<lastLogin>2023-04-24T13:06:55.8605428Z</lastLogin>
		<totalGameTime>PT1H40M47.0513805S</totalGameTime>
		<chars>
			<char index="0">2560</char>
			<char index="1">1611</char>
		</chars>
		<addressList count="1">
			<ip>184.146.233.152</ip>
		</addressList>
		<totalCurrency>0</totalCurrency>
		<sovereigns>0</sovereigns>
		<Transferts count="0" />
	</account>
	<account>
		<username>Rezael</username>
		<newCryptPassword>C9-64-DB-2A-C0-5C-E5-BE-0D-10-87-62-80-BA-24-31-82-DC-99-76</newCryptPassword>
		<created>2023-04-22T00:00:52.3821845Z</created>
		<lastLogin>2023-04-23T21:09:25.6121841Z</lastLogin>
		<totalGameTime>PT2H56M50.3991769S</totalGameTime>
		<chars>
			<char index="0">2642</char>
		</chars>
		<addressList count="1">
			<ip>142.170.62.150</ip>
		</addressList>
		<totalCurrency>0</totalCurrency>
		<sovereigns>0</sovereigns>
		<Transferts count="0" />
	</account>
	<account>
		<username>Jacksparrow</username>
		<newCryptPassword>1D-A5-B9-67-99-4B-B0-BA-30-41-2E-5C-CC-49-74-62-23-A1-2B-EA</newCryptPassword>
		<created>2023-04-22T00:02:52.3541695Z</created>
		<lastLogin>2023-04-22T15:53:37.680979Z</lastLogin>
		<totalGameTime>PT3H12M55.7041741S</totalGameTime>
		<chars>
			<char index="0">2651</char>
		</chars>
		<addressList count="1">
			<ip>184.160.128.177</ip>
		</addressList>
		<totalCurrency>0</totalCurrency>
		<sovereigns>0</sovereigns>
		<Transferts count="0" />
	</account>
	<account>
		<username>Nimue</username>
		<newCryptPassword>ED-14-6D-22-6F-E3-BC-04-26-04-20-2F-FB-6A-43-79-DD-1A-FA-8B</newCryptPassword>
		<accessLevel>Seer</accessLevel>
		<created>2023-04-22T00:07:42.9092492Z</created>
		<lastLogin>2023-04-23T18:13:18.7121144Z</lastLogin>
		<totalGameTime>PT2H34M14.6791052S</totalGameTime>
		<chars>
			<char index="0">2645</char>
		</chars>
		<addressList count="1">
			<ip>184.162.169.177</ip>
		</addressList>
		<totalCurrency>0</totalCurrency>
		<sovereigns>0</sovereigns>
		<Transferts count="0" />
	</account>
	<account>
		<username>Testeur1</username>
		<newCryptPassword>FD-23-CC-70-43-3D-9F-AE-EF-C2-53-CA-82-34-B1-0A-3A-03-EB-56</newCryptPassword>
		<created>2023-04-22T00:41:58.144856Z</created>
		<lastLogin>2023-04-22T00:50:38.4018757Z</lastLogin>
		<totalGameTime>PT41M3.690526S</totalGameTime>
		<chars>
			<char index="0">2703</char>
		</chars>
		<addressList count="1">
			<ip>129.222.205.100</ip>
		</addressList>
		<totalCurrency>0</totalCurrency>
		<sovereigns>0</sovereigns>
		<Transferts count="0" />
	</account>
	<account>
		<username>Adax</username>
		<newCryptPassword>53-E3-01-5A-8B-A6-34-BB-F8-15-4F-F1-56-5F-62-ED-6C-F8-8E-39</newCryptPassword>
		<created>2023-04-22T00:52:55.6191825Z</created>
		<lastLogin>2023-04-24T19:08:15.8567409Z</lastLogin>
		<totalGameTime>PT10H35M54.746909S</totalGameTime>
		<chars>
			<char index="0">2716</char>
		</chars>
		<addressList count="2">
			<ip>142.116.220.101</ip>
			<ip>76.65.154.126</ip>
		</addressList>
		<totalCurrency>0</totalCurrency>
		<sovereigns>0</sovereigns>
		<Transferts count="0" />
	</account>
	<account>
		<username>GHelmet</username>
		<newCryptPassword>60-3D-7D-F5-13-8A-94-7A-8A-54-EE-4A-E8-68-60-F7-11-C2-7B-0A</newCryptPassword>
		<created>2023-04-22T01:36:05.0478196Z</created>
		<lastLogin>2023-04-24T00:55:30.7340267Z</lastLogin>
		<totalGameTime>P1DT34M13.5172117S</totalGameTime>
		<chars>
			<char index="0">2808</char>
		</chars>
		<addressList count="1">
			<ip>70.54.163.132</ip>
		</addressList>
		<totalCurrency>0</totalCurrency>
		<sovereigns>0</sovereigns>
		<Transferts count="0" />
	</account>
	<account>
		<username>vhorgn</username>
		<newCryptPassword>F3-77-22-48-DB-15-9A-F2-C2-C2-5E-6D-FF-EA-D4-16-8B-80-3E-85</newCryptPassword>
		<created>2023-04-22T02:11:23.9015104Z</created>
		<lastLogin>2023-04-23T00:33:49.3615855Z</lastLogin>
		<totalGameTime>PT1H37M15.9835934S</totalGameTime>
		<chars>
			<char index="0">2901</char>
		</chars>
		<addressList count="1">
			<ip>70.55.75.172</ip>
		</addressList>
		<totalCurrency>0</totalCurrency>
		<sovereigns>0</sovereigns>
		<Transferts count="0" />
	</account>
	<account>
		<username>Valerus01</username>
		<newCryptPassword>13-34-69-00-0E-D1-1B-2E-D7-DB-52-B2-E2-B7-D7-9C-DC-3B-7C-87</newCryptPassword>
		<created>2023-04-22T02:12:53.6035864Z</created>
		<lastLogin>2023-04-22T02:15:52.9384023Z</lastLogin>
		<totalGameTime>PT1H53M44.6397669S</totalGameTime>
		<chars>
			<char index="0">2917</char>
		</chars>
		<addressList count="1">
			<ip>209.52.17.174</ip>
		</addressList>
		<totalCurrency>0</totalCurrency>
		<sovereigns>0</sovereigns>
		<Transferts count="0" />
	</account>
	<account>
		<username>Swindy</username>
		<newCryptPassword>01-26-FB-C4-C1-4B-0A-B8-ED-1C-FB-92-81-49-D0-DE-9E-62-2D-CB</newCryptPassword>
		<created>2023-04-22T02:39:18.8128416Z</created>
		<lastLogin>2023-04-22T02:40:52.3714857Z</lastLogin>
		<totalGameTime>PT25M59.9816348S</totalGameTime>
		<chars>
			<char index="0">2949</char>
		</chars>
		<addressList count="1">
			<ip>209.52.17.174</ip>
		</addressList>
		<totalCurrency>0</totalCurrency>
		<sovereigns>0</sovereigns>
		<Transferts count="0" />
	</account>
	<account>
		<username>pinacolada</username>
		<newCryptPassword>9D-4B-4E-46-66-06-29-89-A2-E0-AC-2B-C8-76-CA-54-E8-83-0D-0F</newCryptPassword>
		<created>2023-04-22T02:58:51.9474566Z</created>
		<lastLogin>2023-04-22T02:59:04.3875983Z</lastLogin>
		<totalGameTime>PT34M36.1314439S</totalGameTime>
		<chars>
			<char index="0">2961</char>
		</chars>
		<addressList count="1">
			<ip>69.157.122.246</ip>
		</addressList>
		<totalCurrency>0</totalCurrency>
		<sovereigns>0</sovereigns>
		<Transferts count="0" />
	</account>
	<account>
		<username>Thrusk</username>
		<newCryptPassword>32-2C-ED-40-04-8F-97-9A-8D-8A-56-A1-BF-F5-FD-56-9A-72-FF-80</newCryptPassword>
		<created>2023-04-22T03:24:50.4124593Z</created>
		<lastLogin>2023-04-22T03:25:22.6297972Z</lastLogin>
		<totalGameTime>PT32M1.1369112S</totalGameTime>
		<chars>
			<char index="0">2984</char>
		</chars>
		<addressList count="1">
			<ip>162.252.222.155</ip>
		</addressList>
		<totalCurrency>0</totalCurrency>
		<sovereigns>0</sovereigns>
		<Transferts count="0" />
	</account>
	<account>
		<username>Siren</username>
		<newCryptPassword>23-E0-88-27-F7-BD-F3-95-6D-43-EA-C3-C9-2F-A9-23-D4-0A-1C-C8</newCryptPassword>
		<created>2023-04-22T03:43:18.3266223Z</created>
		<lastLogin>2023-04-22T03:44:58.7210343Z</lastLogin>
		<totalGameTime>PT24M38.8561309S</totalGameTime>
		<chars>
			<char index="0">2996</char>
		</chars>
		<addressList count="1">
			<ip>70.80.178.10</ip>
		</addressList>
		<totalCurrency>0</totalCurrency>
		<sovereigns>0</sovereigns>
		<Transferts count="0" />
	</account>
	<account>
		<username>Crayo</username>
		<newCryptPassword>5D-15-58-83-AA-82-E2-64-79-8C-F1-04-E4-6E-D7-16-02-06-6E-40</newCryptPassword>
		<accessLevel>Seer</accessLevel>
		<created>2023-04-22T03:44:12.7316043Z</created>
		<lastLogin>2023-04-24T01:30:57.4883613Z</lastLogin>
		<totalGameTime>PT11H18M12.8155946S</totalGameTime>
		<chars>
			<char index="0">2995</char>
		</chars>
		<tags>
			<tag name="Discord">Crayolla</tag>
		</tags>
		<addressList count="1">
			<ip>144.172.181.188</ip>
		</addressList>
		<totalCurrency>0</totalCurrency>
		<sovereigns>0</sovereigns>
		<Transferts count="0" />
	</account>
	<account>
		<username>Daedalus</username>
		<newCryptPassword>C5-CD-E4-24-51-93-8F-7F-5B-B1-3D-5A-DA-E7-55-CC-F7-6B-28-7F</newCryptPassword>
		<created>2023-04-22T03:50:40.2940441Z</created>
		<lastLogin>2023-04-22T04:12:24.0844515Z</lastLogin>
		<totalGameTime>PT8H52M32.2719164S</totalGameTime>
		<chars>
			<char index="0">3018</char>
		</chars>
		<addressList count="1">
			<ip>69.157.122.246</ip>
		</addressList>
		<totalCurrency>0</totalCurrency>
		<sovereigns>0</sovereigns>
		<Transferts count="0" />
	</account>
	<account>
		<username>TestZhyme</username>
		<newCryptPassword>D4-BD-E2-20-5B-D4-45-1B-A3-6E-17-75-B3-7C-1E-28-6B-72-6D-DE</newCryptPassword>
		<created>2023-04-22T13:33:39.9952105Z</created>
		<lastLogin>2023-04-22T15:37:54.4902365Z</lastLogin>
		<totalGameTime>PT27M27.0516981S</totalGameTime>
		<chars>
			<char index="0">133</char>
		</chars>
		<addressList count="1">
			<ip>174.89.229.19</ip>
		</addressList>
		<totalCurrency>0</totalCurrency>
		<sovereigns>0</sovereigns>
		<Transferts count="0" />
	</account>
	<account>
		<username>Phoenix02</username>
		<newCryptPassword>18-B2-7F-C0-7C-56-DE-A2-1B-ED-E8-9C-F2-C3-7C-64-ED-E5-9B-ED</newCryptPassword>
		<created>2023-04-22T14:15:12.9849234Z</created>
		<lastLogin>2023-04-22T14:15:12.9849234Z</lastLogin>
		<totalGameTime>PT0S</totalGameTime>
		<chars />
		<addressList count="1">
			<ip>70.81.225.49</ip>
		</addressList>
		<totalCurrency>0</totalCurrency>
		<sovereigns>0</sovereigns>
		<Transferts count="0" />
	</account>
	<account>
		<username>Phoenix</username>
		<newCryptPassword>30-4C-73-5C-61-A0-F1-9D-C4-10-13-B5-F9-E9-E8-B0-08-05-71-B2</newCryptPassword>
		<created>2023-04-22T14:20:11.1926193Z</created>
		<lastLogin>2023-04-23T00:28:13.6494714Z</lastLogin>
		<totalGameTime>PT1H8M23.4937217S</totalGameTime>
		<chars>
			<char index="0">1120</char>
		</chars>
		<addressList count="1">
			<ip>70.81.225.49</ip>
		</addressList>
		<totalCurrency>0</totalCurrency>
		<sovereigns>0</sovereigns>
		<Transferts count="0" />
	</account>
	<account>
		<username>Artist</username>
		<newCryptPassword>03-04-04-BA-E2-F0-29-DB-EE-34-65-C4-8C-C1-CB-B0-E5-28-C8-3C</newCryptPassword>
		<created>2023-04-22T14:42:19.2389885Z</created>
		<lastLogin>2023-04-24T12:56:41.4916536Z</lastLogin>
		<totalGameTime>PT7H26M39.9485705S</totalGameTime>
		<chars>
			<char index="0">1068</char>
		</chars>
		<addressList count="2">
			<ip>147.253.57.57</ip>
			<ip>74.59.151.130</ip>
		</addressList>
		<totalCurrency>0</totalCurrency>
		<sovereigns>0</sovereigns>
		<Transferts count="0" />
	</account>
	<account>
		<username>Talam_Asul</username>
		<newCryptPassword>43-96-2D-A1-98-B1-34-30-46-61-66-3E-69-C4-F0-DD-31-02-48-8F</newCryptPassword>
		<created>2023-04-22T14:53:14.0045144Z</created>
		<lastLogin>2023-04-23T19:28:00.6256483Z</lastLogin>
		<totalGameTime>PT1H16M11.2966868S</totalGameTime>
		<chars>
			<char index="0">1249</char>
		</chars>
		<addressList count="1">
			<ip>24.202.176.20</ip>
		</addressList>
		<totalCurrency>0</totalCurrency>
		<sovereigns>0</sovereigns>
		<Transferts count="0" />
	</account>
	<account>
		<username>karlsyun</username>
		<newCryptPassword>78-54-E6-F6-F7-9A-0E-D0-B7-C9-F5-16-FD-DD-95-0B-B4-40-26-57</newCryptPassword>
		<created>2023-04-22T18:18:15.4060902Z</created>
		<lastLogin>2023-04-24T01:12:00.7805329Z</lastLogin>
		<totalGameTime>PT5H23M4.132498S</totalGameTime>
		<chars>
			<char index="0">772</char>
		</chars>
		<addressList count="1">
			<ip>198.16.162.140</ip>
		</addressList>
		<totalCurrency>0</totalCurrency>
		<sovereigns>0</sovereigns>
		<Transferts count="0" />
	</account>
	<account>
		<username>joelcarl</username>
		<newCryptPassword>9E-4D-02-93-E5-E8-AD-10-DB-9C-A0-80-0A-B3-97-4B-ED-5C-3B-19</newCryptPassword>
		<created>2023-04-23T01:16:46.053008Z</created>
		<lastLogin>2023-04-23T03:48:09.1452515Z</lastLogin>
		<totalGameTime>PT2H9M16.5847215S</totalGameTime>
		<chars>
			<char index="0">2103</char>
		</chars>
		<addressList count="1">
			<ip>74.15.128.29</ip>
		</addressList>
		<totalCurrency>0</totalCurrency>
		<sovereigns>0</sovereigns>
		<Transferts count="0" />
	</account>
	<account>
		<username>Miaw</username>
		<newCryptPassword>27-AE-68-63-B4-A3-A0-BD-89-9B-8A-DD-58-86-D4-06-E2-18-F5-9E</newCryptPassword>
		<created>2023-04-23T03:28:15.4392254Z</created>
		<lastLogin>2023-04-24T22:37:50.7686462Z</lastLogin>
		<totalGameTime>PT5H4M42.305011S</totalGameTime>
		<chars>
			<char index="0">1934</char>
		</chars>
		<addressList count="1">
			<ip>184.162.192.140</ip>
		</addressList>
		<totalCurrency>0</totalCurrency>
		<sovereigns>0</sovereigns>
		<Transferts count="0" />
	</account>
	<account>
		<username>zinfander</username>
		<newCryptPassword>10-C8-48-8E-C5-F7-18-E2-FF-A5-19-A9-FD-F3-9B-F0-2C-2A-02-C5</newCryptPassword>
		<created>2023-04-23T13:14:12.9566999Z</created>
		<lastLogin>2023-04-23T13:15:36.4744134Z</lastLogin>
		<totalGameTime>PT5M35.1562454S</totalGameTime>
		<chars>
			<char index="0">488</char>
		</chars>
		<addressList count="1">
			<ip>142.182.110.231</ip>
		</addressList>
		<totalCurrency>0</totalCurrency>
		<sovereigns>0</sovereigns>
		<Transferts count="0" />
	</account>
	<account>
		<username>Myrh</username>
		<newCryptPassword>12-7B-16-46-9C-C7-BA-66-9B-25-4E-31-32-77-4B-8E-04-3A-41-77</newCryptPassword>
		<created>2023-04-23T14:07:59.5034812Z</created>
		<lastLogin>2023-04-23T15:10:36.5358496Z</lastLogin>
		<totalGameTime>PT15M26.6920902S</totalGameTime>
		<chars>
			<char index="0">341</char>
		</chars>
		<addressList count="1">
			<ip>174.92.242.107</ip>
		</addressList>
		<totalCurrency>0</totalCurrency>
		<sovereigns>0</sovereigns>
		<Transferts count="0" />
	</account>
	<account>
		<username>rotxsane</username>
		<newCryptPassword>D9-61-5F-9A-1D-AA-73-91-A8-34-56-D9-71-9B-7B-90-FD-88-FF-C8</newCryptPassword>
		<created>2023-04-23T14:46:59.0559833Z</created>
		<lastLogin>2023-04-24T19:12:00.5225974Z</lastLogin>
		<totalGameTime>PT4H28M57.5063183S</totalGameTime>
		<chars>
			<char index="0">1452</char>
		</chars>
		<addressList count="1">
			<ip>96.21.250.47</ip>
		</addressList>
		<totalCurrency>0</totalCurrency>
		<sovereigns>0</sovereigns>
		<Transferts count="0" />
	</account>
	<account>
		<username>boumpi</username>
		<newCryptPassword>B7-2D-1E-61-EC-5A-16-31-E0-65-9C-1B-C0-73-26-8A-9F-9C-4B-63</newCryptPassword>
		<created>2023-04-23T23:31:25.5686923Z</created>
		<lastLogin>2023-04-23T23:50:35.0898927Z</lastLogin>
		<totalGameTime>PT20M34.5503547S</totalGameTime>
		<chars>
			<char index="0">1257</char>
		</chars>
		<addressList count="1">
			<ip>144.172.234.22</ip>
		</addressList>
		<totalCurrency>0</totalCurrency>
		<sovereigns>0</sovereigns>
		<Transferts count="0" />
	</account>
	<account>
		<username>Artist2</username>
		<newCryptPassword>59-81-35-D3-71-60-E0-16-78-45-42-0A-21-E5-97-F5-BA-DA-D1-4B</newCryptPassword>
		<created>2023-04-24T14:29:54.6716741Z</created>
		<lastLogin>2023-04-24T18:33:08.2309811Z</lastLogin>
		<totalGameTime>PT2H54M55.1605771S</totalGameTime>
		<chars>
			<char index="0">1786</char>
		</chars>
		<addressList count="1">
			<ip>74.59.151.130</ip>
		</addressList>
		<totalCurrency>0</totalCurrency>
		<sovereigns>0</sovereigns>
		<Transferts count="0" />
	</account>
</accounts>